Title,Year,Url,Genre,Countries,Directors,Main Actors
Les Évadés,1994,https://imdb.com/title/tt0111161/,Drama,['United States'],['Frank Darabont'],"['Tim Robbins', 'Morgan Freeman', 'Bob Gunton', 'William Sadler', 'Clancy Brown', 'Gil Bellows', 'Mark Rolston', 'James Whitmore', 'Jeffrey DeMunn', 'Larry Brandenburg']"
Le Parrain,1972,https://imdb.com/title/tt0068646/,Drama,['United States'],['Francis Ford Coppola'],"['Marlon Brando', 'Al Pacino', 'James Caan', 'Diane Keaton', 'Richard S. Castellano', 'Robert Duvall', 'Sterling Hayden', 'John Marley', 'Richard Conte', 'Al Lettieri']"
The Dark Knight : Le Chevalier noir,2008,https://imdb.com/title/tt0468569/,Drama,"['United States', 'United Kingdom']",['Christopher Nolan'],"['Christian Bale', 'Heath Ledger', 'Aaron Eckhart', 'Michael Caine', 'Maggie Gyllenhaal', 'Gary Oldman', 'Morgan Freeman', 'Monique Gabriela Curnen', 'Ron Dean', 'Cillian Murphy']"
"Le Parrain, 2ᵉ partie",1974,https://imdb.com/title/tt0071562/,Drama,['United States'],['Francis Ford Coppola'],"['Al Pacino', 'Robert De Niro', 'Robert Duvall', 'Diane Keaton', 'John Cazale', 'Talia Shire', 'Lee Strasberg', 'Michael V. Gazzo', 'G.D. Spradlin', 'Richard Bright']"
12 Hommes en colère,1957,https://imdb.com/title/tt0050083/,Drama,['United States'],['Sidney Lumet'],"['Henry Fonda', 'Lee J. Cobb', 'Martin Balsam', 'John Fiedler', 'E.G. Marshall', 'Jack Klugman', 'Edward Binns', 'Jack Warden', 'Joseph Sweeney', 'Ed Begley']"
La liste de Schindler,1993,https://imdb.com/title/tt0108052/,History,['United States'],['Steven Spielberg'],"['Liam Neeson', 'Ralph Fiennes', 'Ben Kingsley', 'Caroline Goodall', 'Jonathan Sagall', 'Embeth Davidtz', 'Malgorzata Gebel', 'Shmuel Levy', 'Mark Ivanir', 'Béatrice Macola']"
Le Seigneur des anneaux : Le Retour du roi,2003,https://imdb.com/title/tt0167260/,Drama,"['New Zealand', 'United States']",['Peter Jackson'],"['Elijah Wood', 'Viggo Mortensen', 'Ian McKellen', 'Orlando Bloom', 'Noel Appleby', 'Ali Astin', 'Sean Astin', 'David Aston', 'John Bach', 'Sean Bean']"
Pulp Fiction,1994,https://imdb.com/title/tt0110912/,Drama,['United States'],['Quentin Tarantino'],"['John Travolta', 'Uma Thurman', 'Samuel L. Jackson', 'Bruce Willis', 'Tim Roth', 'Amanda Plummer', 'Laura Lovelace', 'Phil LaMarr', 'Frank Whaley', 'Burr Steers']"
Le Seigneur des anneaux : La Communauté de l'anneau,2001,https://imdb.com/title/tt0120737/,Drama,"['New Zealand', 'United States']",['Peter Jackson'],"['Elijah Wood', 'Ian McKellen', 'Orlando Bloom', 'Sean Bean', 'Alan Howard', 'Noel Appleby', 'Sean Astin', 'Sala Baker', 'Billy Boyd', 'Andy Serkis']"
"Le Bon, la brute, le truand",1966,https://imdb.com/title/tt0060196/,Western,"['Italy', 'Spain', 'West Germany']",['Sergio Leone'],"['Clint Eastwood', 'Eli Wallach', 'Lee Van Cleef', 'Aldo Giuffrè', 'Luigi Pistilli', 'Rada Rassimov', 'Enzo Petito', 'Claudio Scarchilli', 'John Bartha', 'Livio Lorenzon']"
Forrest Gump,1994,https://imdb.com/title/tt0109830/,Romance,['United States'],['Robert Zemeckis'],"['Tom Hanks', 'Robin Wright', 'Gary Sinise', 'Sally Field', 'Rebecca Williams', 'Michael Conner Humphreys', 'Harold G. Herthum', 'George Kelly', 'Bob Penny', 'John Randall']"
Fight Club,1999,https://imdb.com/title/tt0137523/,Drama,"['Germany', 'United States']",['David Fincher'],"['Brad Pitt', 'Edward Norton', 'Meat Loaf', 'Zach Grenier', 'Richmond Arquette', 'David Andrews', 'George Maguire', 'Eugenie Bondurant', 'Christina Cabot', 'Helena Bonham Carter']"
Inception,2010,https://imdb.com/title/tt1375666/,Sci-Fi,"['United States', 'United Kingdom']",['Christopher Nolan'],"['Leonardo DiCaprio', 'Joseph Gordon-Levitt', 'Elliot Page', 'Ken Watanabe', 'Tom Hardy', 'Dileep Rao', 'Cillian Murphy', 'Tom Berenger', 'Marion Cotillard', 'Pete Postlethwaite']"
Le Seigneur des anneaux : Les Deux Tours,2002,https://imdb.com/title/tt0167261/,Drama,"['New Zealand', 'United States']",['Peter Jackson'],"['Elijah Wood', 'Ian McKellen', 'Viggo Mortensen', 'Orlando Bloom', 'Bruce Allpress', 'Sean Astin', 'John Bach', 'Sala Baker', 'Cate Blanchett', 'Billy Boyd']"
L'Empire contre-attaque,1980,https://imdb.com/title/tt0080684/,Fantasy,['United States'],['Irvin Kershner'],"['Mark Hamill', 'Harrison Ford', 'Carrie Fisher', 'Billy Dee Williams', 'Anthony Daniels', 'David Prowse', 'Peter Mayhew', 'Kenny Baker', 'Frank Oz', 'Alec Guinness']"
Matrix,1999,https://imdb.com/title/tt0133093/,Sci-Fi,"['United States', 'Australia']","['Lana Wachowski', 'Lilly Wachowski']","['Keanu Reeves', 'Laurence Fishburne', 'Carrie-Anne Moss', 'Hugo Weaving', 'Gloria Foster', 'Joe Pantoliano', 'Marcus Chong', 'Julian Arahanga', 'Matt Doran', 'Belinda McClory']"
Les affranchis,1990,https://imdb.com/title/tt0099685/,Drama,['United States'],['Martin Scorsese'],"['Robert De Niro', 'Ray Liotta', 'Joe Pesci', 'Lorraine Bracco', 'Paul Sorvino', 'Frank Sivero', 'Tony Darrow', 'Mike Starr', 'Frank Vincent', 'Chuck Low']"
Vol au-dessus d'un nid de coucou,1975,https://imdb.com/title/tt0073486/,Drama,['United States'],['Milos Forman'],"['Jack Nicholson', 'Louise Fletcher', 'Michael Berryman', 'Peter Brocco', 'Dean R. Brooks', 'Alonzo Brown', 'Scatman Crothers', 'Mwako Cumbuka', 'Danny DeVito', 'William Duell']"
Seven,1995,https://imdb.com/title/tt0114369/,Mystery,['United States'],['David Fincher'],"['Morgan Freeman', 'Brad Pitt', 'Kevin Spacey', 'Andrew Kevin Walker', 'Daniel Zacapa', 'Gwyneth Paltrow', 'John Cassini', 'Bob Mack', 'Peter Crombie', 'Reg E. Cathey']"
Les 7 Samouraïs,1954,https://imdb.com/title/tt0047478/,Drama,['Japan'],['Akira Kurosawa'],"['Toshirô Mifune', 'Takashi Shimura', 'Keiko Tsushima', 'Yukiko Shimazaki', 'Kamatari Fujiwara', 'Daisuke Katô', 'Isao Kimura', 'Minoru Chiaki', 'Seiji Miyaguchi', 'Yoshio Kosugi']"
La vie est belle,1946,https://imdb.com/title/tt0038650/,Fantasy,['United States'],['Frank Capra'],"['James Stewart', 'Donna Reed', 'Lionel Barrymore', 'Thomas Mitchell', 'Henry Travers', 'Beulah Bondi', 'Frank Faylen', 'Ward Bond', 'Gloria Grahame', 'H.B. Warner']"
Le Silence des agneaux,1991,https://imdb.com/title/tt0102926/,Thriller,['United States'],['Jonathan Demme'],"['Jodie Foster', 'Anthony Hopkins', 'Lawrence A. Bonney', 'Kasi Lemmons', 'Lawrence T. Wrentz', 'Scott Glenn', 'Anthony Heald', 'Frankie Faison', 'Don Brockett', 'Frank Seals Jr.']"
La cité de Dieu,2002,https://imdb.com/title/tt0317248/,Drama,"['Brazil', 'France', 'Germany']","['Fernando Meirelles', 'Kátia Lund']","['Alexandre Rodrigues', 'Leandro Firmino', 'Matheus Nachtergaele', 'Phellipe Haagensen', 'Douglas Silva', 'Jonathan Haagensen', 'Seu Jorge', 'Jefechander Suplino', 'Alice Braga', 'Emerson Gomes']"
Il faut sauver le soldat Ryan,1998,https://imdb.com/title/tt0120815/,War,['United States'],['Steven Spielberg'],"['Tom Hanks', 'Matt Damon', 'Tom Sizemore', 'Edward Burns', 'Barry Pepper', 'Adam Goldberg', 'Vin Diesel', 'Giovanni Ribisi', 'Jeremy Davies', 'Ted Danson']"
La vie est belle,1997,https://imdb.com/title/tt0118799/,Romance,['Italy'],['Roberto Benigni'],"['Roberto Benigni', 'Nicoletta Braschi', 'Giorgio Cantarini', 'Giustino Durano', 'Sergio Bini Bustric', 'Marisa Paredes', 'Horst Buchholz', 'Lidia Alfonsi', 'Giuliana Lojodice', 'Amerigo Fontani']"
La ligne verte,1999,https://imdb.com/title/tt0120689/,Fantasy,['United States'],['Frank Darabont'],"['Tom Hanks', 'Michael Clarke Duncan', 'David Morse', 'Bonnie Hunt', 'James Cromwell', 'Michael Jeter', 'Graham Greene', 'Doug Hutchison', 'Sam Rockwell', 'Barry Pepper']"
Interstellar,2014,https://imdb.com/title/tt0816692/,Sci-Fi,"['United States', 'United Kingdom', 'Canada']",['Christopher Nolan'],"['Matthew McConaughey', 'Anne Hathaway', 'Jessica Chastain', 'Mackenzie Foy', 'Ellen Burstyn', 'John Lithgow', 'Timothée Chalamet', 'David Oyelowo', 'Collette Wolfe', 'Francis X. McCarthy']"
La guerre des étoiles,1977,https://imdb.com/title/tt0076759/,Fantasy,['United States'],['George Lucas'],"['Mark Hamill', 'Harrison Ford', 'Carrie Fisher', 'Alec Guinness', 'Peter Cushing', 'Anthony Daniels', 'Kenny Baker', 'Peter Mayhew', 'David Prowse', 'Phil Brown']"
Terminator 2 : Le jugement dernier,1991,https://imdb.com/title/tt0103064/,Sci-Fi,['United States'],['James Cameron'],"['Arnold Schwarzenegger', 'Linda Hamilton', 'Edward Furlong', 'Robert Patrick', 'Earl Boen', 'Joe Morton', 'S. Epatha Merkerson', 'Castulo Guerra', 'Danny Cooksey', 'Jenette Goldstein']"
Retour vers le futur,1985,https://imdb.com/title/tt0088763/,Sci-Fi,['United States'],['Robert Zemeckis'],"['Michael J. Fox', 'Christopher Lloyd', 'Lea Thompson', 'Crispin Glover', 'Tom Wilson', 'Claudia Wells', 'Marc McClure', 'Wendie Jo Sperber', 'George DiCenzo', 'Frances Lee McCain']"
Le voyage de Chihiro,2001,https://imdb.com/title/tt0245429/,Family,['Japan'],['Hayao Miyazaki'],"['Daveigh Chase', 'Suzanne Pleshette', 'Miyu Irino', 'Rumi Hiiragi', 'Mari Natsuki', 'Takashi Naitô', 'Yasuko Sawaguchi', 'Tatsuya Gashûin', 'Ryûnosuke Kamiki', 'Yumi Tamai']"
Psychose,1960,https://imdb.com/title/tt0054215/,Thriller,['United States'],['Alfred Hitchcock'],"['Anthony Perkins', 'Janet Leigh', 'Vera Miles', 'John Gavin', 'Martin Balsam', 'John McIntire', 'Simon Oakland', 'Frank Albertson', 'Patricia Hitchcock', 'Vaughn Taylor']"
Le pianiste,2002,https://imdb.com/title/tt0253474/,Music,"['France', 'Poland', 'Germany', 'United Kingdom']",['Roman Polanski'],"['Adrien Brody', 'Thomas Kretschmann', 'Frank Finlay', 'Emilia Fox', 'Michal Zebrowski', 'Ed Stoppard', 'Maureen Lipman', 'Jessica Kate Meyer', 'Julia Rayner', 'Wanja Mues']"
Léon,1994,https://imdb.com/title/tt0110413/,Drama,"['France', 'United States']",['Luc Besson'],"['Jean Reno', 'Gary Oldman', 'Natalie Portman', 'Danny Aiello', 'Peter Appel', 'Willi One Blood', 'Don Creech', 'Keith A. Glascoe', 'Randolph Scott', 'Michael Badalucco']"
Parasite,2019,https://imdb.com/title/tt6751668/,Thriller,['South Korea'],['Bong Joon Ho'],"['Song Kang-ho', 'Sun-kyun Lee', 'Cho Yeo-jeong', 'Choi Woo-sik', 'So-dam Park', 'Lee Jeong-eun', 'Jang Hye-jin', 'Park Myeong-hoon', 'Ji-so Jung', 'Hyun-jun Jung']"
Le Roi Lion,1994,https://imdb.com/title/tt0110357/,Drama,['United States'],"['Roger Allers', 'Rob Minkoff']","['Matthew Broderick', 'Jeremy Irons', 'James Earl Jones', 'Whoopi Goldberg', 'Rowan Atkinson', 'Niketa Calame-Harris', 'Jim Cummings', 'Robert Guillaume', 'Moira Kelly', 'Nathan Lane']"
Gladiator,2000,https://imdb.com/title/tt0172495/,Drama,"['United States', 'United Kingdom', 'Malta', 'Morocco']",['Ridley Scott'],"['Russell Crowe', 'Joaquin Phoenix', 'Connie Nielsen', 'Oliver Reed', 'Richard Harris', 'Derek Jacobi', 'Djimon Hounsou', 'David Schofield', 'John Shrapnel', 'Tomas Arana']"
American History X,1998,https://imdb.com/title/tt0120586/,Drama,['United States'],['Tony Kaye'],"['Edward Norton', 'Edward Furlong', ""Beverly D'Angelo"", 'Jennifer Lien', 'Ethan Suplee', 'Fairuza Balk', 'Avery Brooks', 'Elliott Gould', 'Stacy Keach', 'William Russ']"
Usual Suspects,1995,https://imdb.com/title/tt0114814/,Mystery,"['United States', 'Germany']",['Bryan Singer'],"['Kevin Spacey', 'Gabriel Byrne', 'Chazz Palminteri', 'Stephen Baldwin', 'Benicio Del Toro', 'Kevin Pollak', 'Pete Postlethwaite', 'Suzy Amis', 'Giancarlo Esposito', 'Dan Hedaya']"
Les infiltrés,2006,https://imdb.com/title/tt0407887/,Thriller,"['United States', 'Hong Kong']",['Martin Scorsese'],"['Leonardo DiCaprio', 'Matt Damon', 'Jack Nicholson', 'Mark Wahlberg', 'Martin Sheen', 'Ray Winstone', 'Vera Farmiga', 'Anthony Anderson', 'Alec Baldwin', 'Kevin Corrigan']"
Le Prestige,2006,https://imdb.com/title/tt0482571/,Sci-Fi,"['United Kingdom', 'United States']",['Christopher Nolan'],"['Christian Bale', 'Hugh Jackman', 'Scarlett Johansson', 'Michael Caine', 'Piper Perabo', 'Rebecca Hall', 'Samantha Mahurin', 'David Bowie', 'Andy Serkis', 'Daniel Davis']"
Casablanca,1942,https://imdb.com/title/tt0034583/,War,['United States'],['Michael Curtiz'],"['Humphrey Bogart', 'Ingrid Bergman', 'Paul Henreid', 'Claude Rains', 'Conrad Veidt', 'Sydney Greenstreet', 'Peter Lorre', 'S.Z. Sakall', 'Madeleine Lebeau', 'Dooley Wilson']"
Whiplash,2014,https://imdb.com/title/tt2582802/,Music,['United States'],['Damien Chazelle'],"['Miles Teller', 'J.K. Simmons', 'Melissa Benoist', 'Paul Reiser', 'Austin Stowell', 'Nate Lang', 'Chris Mulkey', 'Damon Gupton', 'Suanne Spoke', 'Max Kasch']"
Top Gun: Maverick,2022,https://imdb.com/title/tt1745960/,Drama,['United States'],['Joseph Kosinski'],"['Tom Cruise', 'Jennifer Connelly', 'Miles Teller', 'Val Kilmer', 'Bashir Salahuddin', 'Jon Hamm', 'Charles Parnell', 'Monica Barbaro', 'Lewis Pullman', 'Jay Ellis']"
Intouchables,2011,https://imdb.com/title/tt1675434/,Drama,['France'],"['Olivier Nakache', 'Éric Toledano']","['François Cluzet', 'Omar Sy', 'Anne Le Ny', 'Audrey Fleurot', 'Joséphine de Meaux', 'Clotilde Mollet', 'Alba Gaïa Bellugi', 'Cyril Mendy', 'Salimata Kamate', 'Absa Diatou Toure']"
Les temps modernes,1936,https://imdb.com/title/tt0027977/,Romance,['United States'],['Charles Chaplin'],"['Charles Chaplin', 'Paulette Goddard', 'Henry Bergman', 'Tiny Sandford', 'Chester Conklin', 'Hank Mann', 'Stanley Blystone', 'Al Ernest Garcia', 'Richard Alexander', 'Cecil Reynolds']"
Harakiri,1962,https://imdb.com/title/tt0056058/,Mystery,['Japan'],['Masaki Kobayashi'],"['Tatsuya Nakadai', 'Akira Ishihama', 'Shima Iwashita', 'Tetsurô Tanba', 'Masao Mishima', 'Ichirô Nakatani', 'Kei Satô', 'Yoshio Inaba', 'Hisashi Igawa', 'Tôru Takeuchi']"
Le tombeau des lucioles,1988,https://imdb.com/title/tt0095327/,War,['Japan'],['Isao Takahata'],"['Tsutomu Tatsumi', 'Ayano Shiraishi', 'Akemi Yamaguchi', 'Yoshiko Shinohara', 'Kôzô Hashida', 'Masayo Sakai', 'Kazumi Nozaki', 'Yoshio Matsuoka', 'Masahiro Kanetake', 'Kiyoshi Yanagawa']"
Il était une fois dans l'Ouest,1968,https://imdb.com/title/tt0064116/,Western,"['Italy', 'United States']",['Sergio Leone'],"['Henry Fonda', 'Charles Bronson', 'Claudia Cardinale', 'Jason Robards', 'Gabriele Ferzetti', 'Paolo Stoppa', 'Woody Strode', 'Jack Elam', 'Keenan Wynn', 'Frank Wolff']"
Fenêtre sur cour,1954,https://imdb.com/title/tt0047396/,Thriller,['United States'],['Alfred Hitchcock'],"['James Stewart', 'Grace Kelly', 'Wendell Corey', 'Thelma Ritter', 'Raymond Burr', 'Judith Evelyn', 'Ross Bagdasarian', 'Georgine Darcy', 'Sara Berner', 'Frank Cady']"
Alien - Le 8ème passager,1979,https://imdb.com/title/tt0078748/,Sci-Fi,"['United Kingdom', 'United States']",['Ridley Scott'],"['Sigourney Weaver', 'Tom Skerritt', 'John Hurt', 'Veronica Cartwright', 'Harry Dean Stanton', 'Ian Holm', 'Yaphet Kotto', 'Bolaji Badejo', 'Helen Horton', 'Eddie Powell']"
Les lumières de la ville,1931,https://imdb.com/title/tt0021749/,Romance,['United States'],['Charles Chaplin'],"['Charles Chaplin', 'Virginia Cherrill', 'Florence Lee', 'Harry Myers', 'Al Ernest Garcia', 'Hank Mann', 'Johnny Aber', 'Jack Alexander', 'T.S. Alexander', 'Victor Alexander']"
Cinéma Paradiso,1988,https://imdb.com/title/tt0095765/,Romance,"['Italy', 'France']",['Giuseppe Tornatore'],"['Philippe Noiret', 'Enzo Cannavale', 'Antonella Attili', 'Isa Danieli', 'Leo Gullotta', 'Marco Leonardi', 'Pupella Maggio', 'Agnese Nano', 'Leopoldo Trieste', 'Salvatore Cascio']"
Memento,2000,https://imdb.com/title/tt0209144/,Thriller,['United States'],['Christopher Nolan'],"['Guy Pearce', 'Carrie-Anne Moss', 'Joe Pantoliano', 'Mark Boone Junior', 'Russ Fega', 'Jorja Fox', 'Stephen Tobolowsky', 'Harriet Sansom Harris', 'Thomas Lennon', 'Callum Keith Rennie']"
Apocalypse Now,1979,https://imdb.com/title/tt0078788/,War,['United States'],['Francis Ford Coppola'],"['Martin Sheen', 'Marlon Brando', 'Robert Duvall', 'Frederic Forrest', 'Sam Bottoms', 'Laurence Fishburne', 'Albert Hall', 'Harrison Ford', 'Dennis Hopper', 'G.D. Spradlin']"
Les Aventuriers de l'arche perdue,1981,https://imdb.com/title/tt0082971/,Adventure,['United States'],['Steven Spielberg'],"['Harrison Ford', 'Karen Allen', 'Paul Freeman', 'John Rhys-Davies', 'Ronald Lacey', 'Denholm Elliott', 'Alfred Molina', 'Wolf Kahler', 'Anthony Higgins', 'Vic Tablian']"
Django Unchained,2012,https://imdb.com/title/tt1853728/,Western,['United States'],['Quentin Tarantino'],"['Jamie Foxx', 'Christoph Waltz', 'Leonardo DiCaprio', 'Kerry Washington', 'Samuel L. Jackson', 'Walton Goggins', 'Dennis Christopher', 'James Remar', 'David Steen', 'Dana Gourrier']"
WALL·E,2008,https://imdb.com/title/tt0910970/,Family,['United States'],['Andrew Stanton'],"['Ben Burtt', 'Elissa Knight', 'Jeff Garlin', 'Fred Willard', 'MacInTalk', 'John Ratzenberger', 'Kathy Najimy', 'Sigourney Weaver', 'Teddy Newton', 'Bob Bergen']"
La vie des autres,2006,https://imdb.com/title/tt0405094/,Thriller,"['Germany', 'France']",['Florian Henckel von Donnersmarck'],"['Ulrich Mühe', 'Martina Gedeck', 'Sebastian Koch', 'Ulrich Tukur', 'Thomas Thieme', 'Hans-Uwe Bauer', 'Volkmar Kleinert', 'Matthias Brenner', 'Charly Hübner', 'Herbert Knaup']"
Boulevard du Crépuscule,1950,https://imdb.com/title/tt0043014/,Film-Noir,['United States'],['Billy Wilder'],"['William Holden', 'Gloria Swanson', 'Erich von Stroheim', 'Nancy Olson', 'Fred Clark', 'Lloyd Gough', 'Jack Webb', 'Franklyn Farnum', 'Larry J. Blake', 'Charles Dayton']"
Les sentiers de la gloire,1957,https://imdb.com/title/tt0050825/,War,['United States'],['Stanley Kubrick'],"['Kirk Douglas', 'Ralph Meeker', 'Adolphe Menjou', 'George Macready', 'Wayne Morris', 'Richard Anderson', 'Joe Turkel', 'Christiane Kubrick', 'Jerry Hausner', 'Peter Capell']"
Shining,1980,https://imdb.com/title/tt0081505/,Horror,"['United Kingdom', 'United States']",['Stanley Kubrick'],"['Jack Nicholson', 'Shelley Duvall', 'Danny Lloyd', 'Scatman Crothers', 'Barry Nelson', 'Philip Stone', 'Joe Turkel', 'Anne Jackson', 'Tony Burton', 'Lia Beldam']"
Le Dictateur,1940,https://imdb.com/title/tt0032553/,War,['United States'],['Charles Chaplin'],"['Charles Chaplin', 'Paulette Goddard', 'Jack Oakie', 'Reginald Gardiner', 'Henry Daniell', 'Billy Gilbert', 'Grace Hayle', 'Carter DeHaven', 'Maurice Moscovitch', 'Emma Dunn']"
Témoin à charge,1957,https://imdb.com/title/tt0051201/,Mystery,['United States'],['Billy Wilder'],"['Tyrone Power', 'Marlene Dietrich', 'Charles Laughton', 'Elsa Lanchester', 'John Williams', 'Henry Daniell', 'Ian Wolfe', 'Torin Thatcher', 'Norma Varden', ""Una O'Connor""]"
Avengers: Infinity War,2018,https://imdb.com/title/tt4154756/,Sci-Fi,['United States'],"['Anthony Russo', 'Joe Russo']","['Robert Downey Jr.', 'Chris Hemsworth', 'Mark Ruffalo', 'Chris Evans', 'Scarlett Johansson', 'Don Cheadle', 'Benedict Cumberbatch', 'Tom Holland', 'Chadwick Boseman', 'Zoe Saldana']"
Aliens : Le Retour,1986,https://imdb.com/title/tt0090605/,Sci-Fi,"['United Kingdom', 'United States']",['James Cameron'],"['Sigourney Weaver', 'Michael Biehn', 'Carrie Henn', 'Paul Reiser', 'Lance Henriksen', 'Bill Paxton', 'William Hope', 'Jenette Goldstein', 'Al Matthews', 'Mark Rolston']"
American Beauty,1999,https://imdb.com/title/tt0169547/,Drama,['United States'],['Sam Mendes'],"['Kevin Spacey', 'Annette Bening', 'Thora Birch', 'Wes Bentley', 'Mena Suvari', 'Peter Gallagher', 'Allison Janney', 'Chris Cooper', 'Scott Bakula', 'Sam Robards']"
Dr. Folamour ou : Comment j'ai appris à ne plus m'en faire et à aimer la bombe !,1964,https://imdb.com/title/tt0057012/,War,"['United Kingdom', 'United States']",['Stanley Kubrick'],"['Peter Sellers', 'George C. Scott', 'Sterling Hayden', 'Keenan Wynn', 'Slim Pickens', 'Peter Bull', 'James Earl Jones', 'Tracy Reed', 'Jack Creley', 'Frank Berry']"
Spider-Man: New Generation,2018,https://imdb.com/title/tt4633694/,Adventure,['United States'],"['Bob Persichetti', 'Peter Ramsey', 'Rodney Rothman']","['Shameik Moore', 'Jake Johnson', 'Hailee Steinfeld', 'Mahershala Ali', 'Brian Tyree Henry', 'Lily Tomlin', 'Luna Lauren Velez', 'Zoë Kravitz', 'John Mulaney', 'Kimiko Glenn']"
The Dark Knight Rises,2012,https://imdb.com/title/tt1345836/,Drama,"['United States', 'United Kingdom']",['Christopher Nolan'],"['Christian Bale', 'Tom Hardy', 'Anne Hathaway', 'Gary Oldman', 'Joseph Gordon-Levitt', 'Marion Cotillard', 'Morgan Freeman', 'Michael Caine', 'Matthew Modine', 'Alon Aboutboul']"
Old Boy,2003,https://imdb.com/title/tt0364569/,Mystery,['South Korea'],['Park Chan-wook'],"['Choi Min-sik', 'Yoo Ji-tae', 'Kang Hye-jeong', 'Kim Byeong-Ok', 'Dae-han Ji', 'Dal-su Oh', 'Seung-shin Lee', 'Jin-Seo Yoon', 'Tae-kyung Oh', 'Yoo Yeon-Seok']"
Joker,2019,https://imdb.com/title/tt7286456/,Thriller,"['United States', 'Canada']",['Todd Phillips'],"['Joaquin Phoenix', 'Robert De Niro', 'Zazie Beetz', 'Frances Conroy', 'Brett Cullen', 'Shea Whigham', 'Bill Camp', 'Glenn Fleshler', 'Leigh Gill', 'Josh Pais']"
Braveheart,1995,https://imdb.com/title/tt0112573/,History,['United States'],['Mel Gibson'],"['Mel Gibson', 'Sophie Marceau', 'Patrick McGoohan', 'Angus Macfadyen', 'James Robinson', 'Sean Lawlor', 'Sandy Nelson', 'James Cosmo', 'Sean McGinley', 'Alan Tall']"
Amadeus,1984,https://imdb.com/title/tt0086879/,Music,"['United States', 'France', 'Italy']",['Milos Forman'],"['F. Murray Abraham', 'Tom Hulce', 'Elizabeth Berridge', 'Roy Dotrice', 'Simon Callow', 'Christine Ebersole', 'Jeffrey Jones', 'Charles Kay', 'Kenneth McMillan', 'Kenny Baker']"
Toy Story,1995,https://imdb.com/title/tt0114709/,Comedy,['United States'],['John Lasseter'],"['Tom Hanks', 'Tim Allen', 'Don Rickles', 'Jim Varney', 'Wallace Shawn', 'John Ratzenberger', 'Annie Potts', 'John Morris', 'Erik von Detten', 'Laurie Metcalf']"
Coco,2017,https://imdb.com/title/tt2380307/,Comedy,['United States'],"['Lee Unkrich', 'Adrian Molina']","['Anthony Gonzalez', 'Gael García Bernal', 'Benjamin Bratt', 'Alanna Ubach', 'Renee Victor', 'Jaime Camil', 'Alfonso Arau', 'Herbert Siguenza', 'Gabriel Iglesias', 'Lombardo Boyar']"
Le Bateau,1981,https://imdb.com/title/tt0082096/,War,['West Germany'],['Wolfgang Petersen'],"['Jürgen Prochnow', 'Herbert Grönemeyer', 'Klaus Wennemann', 'Hubertus Bengsch', 'Martin Semmelrogge', 'Bernd Tauber', 'Erwin Leder', 'Martin May', 'Heinz Hoenig', 'Uwe Ochsenknecht']"
Inglourious Basterds,2009,https://imdb.com/title/tt0361748/,War,"['Germany', 'United States']",['Quentin Tarantino'],"['Brad Pitt', 'Diane Kruger', 'Eli Roth', 'Mélanie Laurent', 'Christoph Waltz', 'Michael Fassbender', 'Daniel Brühl', 'Til Schweiger', 'Gedeon Burkhard', 'Jacky Ido']"
Princesse Mononoké,1997,https://imdb.com/title/tt0119698/,Fantasy,['Japan'],['Hayao Miyazaki'],"['Yôji Matsuda', 'Yuriko Ishida', 'Yûko Tanaka', 'Billy Crudup', 'Billy Bob Thornton', 'Minnie Driver', 'John DiMaggio', 'Claire Danes', 'John DeMita', 'Jada Pinkett Smith']"
Avengers: Endgame,2019,https://imdb.com/title/tt4154796/,Drama,['United States'],"['Anthony Russo', 'Joe Russo']","['Robert Downey Jr.', 'Chris Evans', 'Mark Ruffalo', 'Chris Hemsworth', 'Scarlett Johansson', 'Jeremy Renner', 'Don Cheadle', 'Paul Rudd', 'Benedict Cumberbatch', 'Chadwick Boseman']"
Il était une fois en Amérique,1984,https://imdb.com/title/tt0087843/,Drama,"['Italy', 'United States']",['Sergio Leone'],"['Robert De Niro', 'James Woods', 'Elizabeth McGovern', 'Treat Williams', 'Tuesday Weld', 'Burt Young', 'Joe Pesci', 'Danny Aiello', 'William Forsythe', 'James Hayden']"
Will Hunting,1997,https://imdb.com/title/tt0119217/,Romance,['United States'],['Gus Van Sant'],"['Robin Williams', 'Matt Damon', 'Ben Affleck', 'Stellan Skarsgård', 'John Mighton', 'Rachel Majorowski', 'Colleen McCauley', 'Casey Affleck', 'Cole Hauser', 'Matt Mercier']"
Toy Story 3,2010,https://imdb.com/title/tt0435761/,Comedy,['United States'],['Lee Unkrich'],"['Tom Hanks', 'Tim Allen', 'Joan Cusack', 'Ned Beatty', 'Don Rickles', 'Michael Keaton', 'Wallace Shawn', 'John Ratzenberger', 'Estelle Harris', 'John Morris']"
Requiem for a Dream,2000,https://imdb.com/title/tt0180093/,Drama,['United States'],['Darren Aronofsky'],"['Ellen Burstyn', 'Jared Leto', 'Jennifer Connelly', 'Marlon Wayans', 'Christopher McDonald', 'Louise Lasser', 'Marcia Jean Kurtz', 'Janet Sarno', 'Suzanne Shepherd', 'Joanne Gordon']"
Your Name.,2016,https://imdb.com/title/tt5311514/,Fantasy,['Japan'],['Makoto Shinkai'],"['Ryûnosuke Kamiki', 'Mone Kamishiraishi', 'Ryô Narita', 'Aoi Yûki', 'Nobunaga Shimazaki', 'Kaito Ishikawa', 'Kanon Tani', 'Masaki Terasoma', 'Sayaka Ôhara', 'Kazuhiko Inoue']"
Chantons sous la pluie,1952,https://imdb.com/title/tt0045152/,Romance,['United States'],"['Stanley Donen', 'Gene Kelly']","['Gene Kelly', ""Donald O'Connor"", 'Debbie Reynolds', 'Jean Hagen', 'Millard Mitchell', 'Cyd Charisse', 'Douglas Fowley', 'Rita Moreno', 'Dawn Addams', 'John Albright']"
3 Idiots,2009,https://imdb.com/title/tt1187043/,Drama,['India'],['Rajkumar Hirani'],"['Aamir Khan', 'Madhavan', 'Mona Singh', 'Sharman Joshi', 'Kareena Kapoor', 'Boman Irani', 'Omi Vaidya', 'Olivier Lafont', 'Rahul Kumar', 'Parikshit Sahni']"
Le Retour du Jedi,1983,https://imdb.com/title/tt0086190/,Fantasy,['United States'],['Richard Marquand'],"['Mark Hamill', 'Harrison Ford', 'Carrie Fisher', 'Billy Dee Williams', 'Anthony Daniels', 'Peter Mayhew', 'Sebastian Shaw', 'Ian McDiarmid', 'Frank Oz', 'James Earl Jones']"
2001 : L'Odyssée de l'espace,1968,https://imdb.com/title/tt0062622/,Sci-Fi,"['United Kingdom', 'United States']",['Stanley Kubrick'],"['Keir Dullea', 'Gary Lockwood', 'William Sylvester', 'Daniel Richter', 'Leonard Rossiter', 'Margaret Tyzack', 'Robert Beatty', 'Sean Sullivan', 'Douglas Rain', 'Frank Miller']"
Eternal Sunshine of the Spotless Mind,2004,https://imdb.com/title/tt0338013/,Sci-Fi,['United States'],['Michel Gondry'],"['Jim Carrey', 'Kate Winslet', 'Tom Wilkinson', 'Gerry Robert Byrne', 'Elijah Wood', 'Thomas Jay Ryan', 'Mark Ruffalo', 'Jane Adams', 'David Cross', 'Kirsten Dunst']"
Reservoir Dogs,1992,https://imdb.com/title/tt0105236/,Thriller,['United States'],['Quentin Tarantino'],"['Harvey Keitel', 'Tim Roth', 'Michael Madsen', 'Chris Penn', 'Steve Buscemi', 'Lawrence Tierney', 'Randy Brooks', 'Kirk Baltz', 'Edward Bunker', 'Quentin Tarantino']"
Entre le ciel et l'enfer,1963,https://imdb.com/title/tt0057565/,Mystery,['Japan'],['Akira Kurosawa'],"['Toshirô Mifune', 'Yutaka Sada', 'Tatsuya Nakadai', 'Kyôko Kagawa', 'Tatsuya Mihashi', 'Isao Kimura', 'Kenjirô Ishiyama', 'Takeshi Katô', 'Takashi Shimura', 'Jun Tazaki']"
Capharnaüm,2018,https://imdb.com/title/tt8267604/,Drama,"['Lebanon', 'France', 'Cyprus', 'Qatar', 'United Kingdom']",['Nadine Labaki'],"['Zain Al Rafeea', 'Yordanos Shiferaw', 'Boluwatife Treasure Bankole', 'Kawsar Al Haddad', 'Fadi Yousef', 'Cedra Izzam', 'Alaa Chouchnieh', 'Elias Khoury', 'Mohammad Al Abdallah', 'Mohamad Abdellatif']"
Citizen Kane,1941,https://imdb.com/title/tt0033467/,Mystery,['United States'],['Orson Welles'],"['Orson Welles', 'Joseph Cotten', 'Dorothy Comingore', 'Agnes Moorehead', 'Ruth Warrick', 'Ray Collins', 'Erskine Sanford', 'Everett Sloane', 'William Alland', 'Paul Stewart']"
Lawrence d'Arabie,1962,https://imdb.com/title/tt0056172/,Drama,['United Kingdom'],['David Lean'],"[""Peter O'Toole"", 'Alec Guinness', 'Anthony Quinn', 'Jack Hawkins', 'Omar Sharif', 'José Ferrer', 'Anthony Quayle', 'Claude Rains', 'Arthur Kennedy', 'Donald Wolfit']"
La chasse,2012,https://imdb.com/title/tt2106476/,Drama,"['Denmark', 'Sweden']",['Thomas Vinterberg'],"['Mads Mikkelsen', 'Thomas Bo Larsen', 'Annika Wedderkopp', 'Lasse Fogelstrøm', 'Susse Wold', 'Anne Louise Hassing', 'Lars Ranthe', 'Alexandra Rapaport', 'Sebastian Bull Sarning', 'Steen Ordell Guldbrand Jensen']"
M le maudit,1931,https://imdb.com/title/tt0022100/,Thriller,['Germany'],['Fritz Lang'],"['Peter Lorre', 'Ellen Widmann', 'Inge Landgut', 'Otto Wernicke', 'Theodor Loos', 'Gustaf Gründgens', 'Friedrich Gnaß', 'Fritz Odemar', 'Paul Kemp', 'Theo Lingen']"
La mort aux trousses,1959,https://imdb.com/title/tt0053125/,Mystery,['United States'],['Alfred Hitchcock'],"['Cary Grant', 'Eva Marie Saint', 'James Mason', 'Jessie Royce Landis', 'Leo G. Carroll', 'Josephine Hutchinson', 'Philip Ober', 'Martin Landau', 'Adam Williams', 'Edward Platt']"
Sueurs froides,1958,https://imdb.com/title/tt0052357/,Thriller,['United States'],['Alfred Hitchcock'],"['James Stewart', 'Kim Novak', 'Barbara Bel Geddes', 'Tom Helmore', 'Henry Jones', 'Raymond Bailey', 'Ellen Corby', 'Konstantin Shayne', 'Lee Patrick', 'David Ahdar']"
Le fabuleux destin d'Amélie Poulain,2001,https://imdb.com/title/tt0211915/,Romance,"['France', 'Germany']",['Jean-Pierre Jeunet'],"['Audrey Tautou', 'Mathieu Kassovitz', 'Rufus', 'Lorella Cravotta', 'Serge Merlin', 'Jamel Debbouze', 'Clotilde Mollet', 'Claire Maurier', 'Isabelle Nanty', 'Dominique Pinon']"
Orange mécanique,1971,https://imdb.com/title/tt0066921/,Sci-Fi,"['United Kingdom', 'United States']",['Stanley Kubrick'],"['Malcolm McDowell', 'Patrick Magee', 'Michael Bates', 'Warren Clarke', 'John Clive', 'Adrienne Corri', 'Carl Duering', 'Paul Farrell', 'Clive Francis', 'Michael Gover']"
Requiem pour un massacre - Va et regarde,1985,https://imdb.com/title/tt0091251/,War,['Soviet Union'],['Elem Klimov'],"['Aleksey Kravchenko', 'Olga Mironova', 'Liubomiras Laucevicius', 'Vladas Bagdonas', 'Jüri Lumiste', 'Viktors Lorencs', 'Kazimir Rabetsky', 'Evgeniy Tilicheev', 'G. Velts', 'V. Vasilyev']"
Full Metal Jacket,1987,https://imdb.com/title/tt0093058/,War,"['United Kingdom', 'United States']",['Stanley Kubrick'],"['Matthew Modine', 'R. Lee Ermey', ""Vincent D'Onofrio"", 'Adam Baldwin', 'Dorian Harewood', 'Kevyn Major Howard', 'Arliss Howard', ""Ed O'Ross"", 'John Terry', 'Kieron Jecchinis']"
Assurance sur la mort,1944,https://imdb.com/title/tt0036775/,Film-Noir,['United States'],['Billy Wilder'],"['Fred MacMurray', 'Barbara Stanwyck', 'Edward G. Robinson', 'Byron Barr', 'Porter Hall', 'Jean Heather', 'Tom Powers', 'Richard Gaines', 'Fortunio Bonanova', 'John Philliber']"
La garçonnière,1960,https://imdb.com/title/tt0053604/,Romance,['United States'],['Billy Wilder'],"['Jack Lemmon', 'Shirley MacLaine', 'Fred MacMurray', 'Ray Walston', 'Jack Kruschen', 'David Lewis', 'Hope Holiday', 'Joan Shawlee', 'Naomi Stevens', 'Johnny Seven']"
Scarface,1983,https://imdb.com/title/tt0086250/,Drama,['United States'],['Brian De Palma'],"['Al Pacino', 'Michelle Pfeiffer', 'Steven Bauer', 'Mary Elizabeth Mastrantonio', 'Robert Loggia', 'Miriam Colon', 'F. Murray Abraham', 'Paul Shenar', 'Harris Yulin', 'Ángel Salazar']"
Vivre,1952,https://imdb.com/title/tt0044741/,Drama,['Japan'],['Akira Kurosawa'],"['Takashi Shimura', 'Nobuo Kaneko', ""Shin'ichi Himori"", 'Haruo Tanaka', 'Minoru Chiaki', 'Miki Odagiri', 'Bokuzen Hidari', 'Minosuke Yamada', 'Kamatari Fujiwara', 'Makoto Kobori']"
L'Arnaque,1973,https://imdb.com/title/tt0070735/,Drama,['United States'],['George Roy Hill'],"['Paul Newman', 'Robert Redford', 'Robert Shaw', 'Charles Durning', 'Ray Walston', 'Eileen Brennan', 'Harold Gould', 'John Heffernan', 'Dana Elcar', 'Jack Kehoe']"
Du silence et des ombres...,1962,https://imdb.com/title/tt0056592/,Drama,['United States'],['Robert Mulligan'],"['Gregory Peck', 'John Megna', 'Frank Overton', 'Rosemary Murphy', 'Ruth White', 'Brock Peters', 'Estelle Evans', 'Paul Fix', 'Collin Wilcox Paxton', 'James Anderson']"
Taxi Driver,1976,https://imdb.com/title/tt0075314/,Drama,['United States'],['Martin Scorsese'],"['Robert De Niro', 'Jodie Foster', 'Cybill Shepherd', 'Albert Brooks', 'Diahnne Abbott', 'Frank Adu', 'Victor Argo', 'Gino Ardito', 'Garth Avery', 'Peter Boyle']"
Là-haut,2009,https://imdb.com/title/tt1049413/,Comedy,['United States'],"['Pete Docter', 'Bob Peterson']","['Edward Asner', 'Jordan Nagai', 'John Ratzenberger', 'Christopher Plummer', 'Bob Peterson', 'Delroy Lindo', 'Jerome Ranft', 'David Kaye', 'Elie Docter', 'Jeremy Leary']"
L.A. Confidential,1997,https://imdb.com/title/tt0119488/,Mystery,['United States'],['Curtis Hanson'],"['Kevin Spacey', 'Russell Crowe', 'Guy Pearce', 'Kim Basinger', 'James Cromwell', 'Danny DeVito', 'David Strathairn', 'Ron Rifkin', 'Matt McCoy', 'Paul Guilfoyle']"
Heat,1995,https://imdb.com/title/tt0113277/,Drama,['United States'],['Michael Mann'],"['Al Pacino', 'Robert De Niro', 'Val Kilmer', 'Jon Voight', 'Tom Sizemore', 'Diane Venora', 'Amy Brenneman', 'Ashley Judd', 'Mykelti Williamson', 'Wes Studi']"
Metropolis,1927,https://imdb.com/title/tt0017136/,Sci-Fi,['Germany'],['Fritz Lang'],"['Brigitte Helm', 'Alfred Abel', 'Gustav Fröhlich', 'Rudolf Klein-Rogge', 'Fritz Rasp', 'Theodor Loos', 'Erwin Biswanger', 'Heinrich George', 'Fritz Alberti', 'Grete Berger']"
Hamilton,2020,https://imdb.com/title/tt8503618/,History,['United States'],['Thomas Kail'],"['Lin-Manuel Miranda', 'Phillipa Soo', 'Leslie Odom Jr.', 'Renée Elise Goldsberry', 'Daveed Diggs', 'Jonathan Groff', 'Chris Jackson', 'Jasmine Cephas Jones', 'Okieriete Onaodowan', 'Anthony Ramos']"
Une séparation,2011,https://imdb.com/title/tt1832382/,Drama,"['Iran', 'France', 'Australia']",['Asghar Farhadi'],"['Payman Maadi', 'Leila Hatami', 'Sareh Bayat', 'Shahab Hosseini', 'Sarina Farhadi', ""Merila Zare'i"", 'Ali-Asghar Shahbazi', 'Babak Karimi', 'Kimia Hosseini', 'Shirin Yazdanbakhsh']"
Snatch - Tu braques ou tu raques,2000,https://imdb.com/title/tt0208092/,Crime,"['United Kingdom', 'United States']",['Guy Ritchie'],"['Jason Statham', 'Brad Pitt', 'Stephen Graham', 'Vinnie Jones', 'Ade', 'William Beck', 'Andy Beckwith', 'Ewen Bremner', 'Jason Buckham', 'Mickey Cantwell']"
Piège de cristal,1988,https://imdb.com/title/tt0095016/,Thriller,['United States'],['John McTiernan'],"['Bruce Willis', 'Alan Rickman', 'Bonnie Bedelia', 'Reginald VelJohnson', 'Paul Gleason', ""De'voreaux White"", 'William Atherton', 'Hart Bochner', 'James Shigeta', 'Alexander Godunov']"
Incendies,2010,https://imdb.com/title/tt1255953/,Mystery,"['Canada', 'France']",['Denis Villeneuve'],"['Lubna Azabal', 'Mélissa Désormeaux-Poulin', 'Maxim Gaudette', 'Mustafa Kamel', 'Hussein Sami', 'Rémy Girard', 'Dominique Briand', 'Frédéric Paquet', 'Hamed Najem', 'Ahmad Massad']"
Indiana Jones et la dernière croisade,1989,https://imdb.com/title/tt0097576/,Adventure,['United States'],['Steven Spielberg'],"['Harrison Ford', 'Sean Connery', 'Alison Doody', 'Denholm Elliott', 'John Rhys-Davies', 'Julian Glover', 'River Phoenix', 'Michael Byrne', 'Kevork Malikyan', 'Robert Eddison']"
Voleur de bicyclette,1948,https://imdb.com/title/tt0040522/,Drama,['Italy'],['Vittorio De Sica'],"['Lamberto Maggiorani', 'Enzo Staiola', 'Lianella Carell', 'Elena Altieri', 'Gino Saltamerenda', 'Giulio Chiari', 'Vittorio Antonucci', 'Michele Sakara', 'Fausto Guerzoni', 'Emma Druetti']"
1917,2019,https://imdb.com/title/tt8579674/,War,"['United Kingdom', 'United States', 'India', 'Spain']",['Sam Mendes'],"['Dean-Charles Chapman', 'George MacKay', 'Daniel Mays', 'Colin Firth', 'Pip Carter', 'Andy Apollo', 'Paul Tinto', 'Josef Davies', 'Billy Postlethwaite', 'Gabriel Akuwudike']"
Taare Zameen Par,2007,https://imdb.com/title/tt0986264/,Family,['India'],"['Aamir Khan', 'Amole Gupte']","['Darsheel Safary', 'Aamir Khan', 'Tisca Chopra', 'Vipin Sharma', 'Sachet Engineer', 'Tanay Chheda', 'Lalitha Lajmi', 'Girija Oak', 'Ravi Khanvilkar', 'Pratima Kulkarni']"
La chute,2004,https://imdb.com/title/tt0363163/,History,"['Germany', 'Austria', 'Italy']",['Oliver Hirschbiegel'],"['Bruno Ganz', 'Alexandra Maria Lara', 'Ulrich Matthes', 'Juliane Köhler', 'Corinna Harfouch', 'Heino Ferch', 'Christian Berkel', 'Matthias Habich', 'Thomas Kretschmann', 'Michael Mendl']"
Spider-Man: No Way Home,2021,https://imdb.com/title/tt10872600/,Fantasy,['United States'],['Jon Watts'],"['Tom Holland', 'Zendaya', 'Benedict Cumberbatch', 'Jacob Batalon', 'Jon Favreau', 'Jamie Foxx', 'Willem Dafoe', 'Alfred Molina', 'Benedict Wong', 'Tony Revolori']"
...et pour quelques dollars de plus,1965,https://imdb.com/title/tt0059578/,Western,"['Italy', 'Spain', 'West Germany']",['Sergio Leone'],"['Clint Eastwood', 'Lee Van Cleef', 'Gian Maria Volontè', 'Mara Krupp', 'Luigi Pistilli', 'Klaus Kinski', 'Luis Rodríguez', 'Benito Stefanelli', 'Panos Papadopulos', 'Aldo Sambrell']"
Batman Begins,2005,https://imdb.com/title/tt0372784/,Drama,"['United States', 'United Kingdom']",['Christopher Nolan'],"['Christian Bale', 'Michael Caine', 'Ken Watanabe', 'Liam Neeson', 'Katie Holmes', 'Gary Oldman', 'Cillian Murphy', 'Tom Wilkinson', 'Rutger Hauer', 'Mark Boone Junior']"
Dangal,2016,https://imdb.com/title/tt5074352/,Drama,"['India', 'United States']",['Nitesh Tiwari'],"['Aamir Khan', 'Sakshi Tanwar', 'Fatima Sana Shaikh', 'Sanya Malhotra', 'Aparshakti Khurana', 'Zaira Wasim', 'Suhani Bhatnagar', 'Ritvik Sahore', 'Girish Kulkarni', 'Ravi Aneja']"
Le Kid,1921,https://imdb.com/title/tt0012349/,Family,['United States'],['Charles Chaplin'],"['Charles Chaplin', 'Edna Purviance', 'Jackie Coogan', 'Carl Miller', 'Albert Austin', 'Beulah Bains', 'Nellie Bly Baker', 'Henry Bergman', 'Edward Biby', 'B.F. Blinn']"
Certains l'aiment chaud,1959,https://imdb.com/title/tt0053291/,Romance,['United States'],['Billy Wilder'],"['Marilyn Monroe', 'Tony Curtis', 'Jack Lemmon', 'George Raft', ""Pat O'Brien"", 'Joe E. Brown', 'Nehemiah Persoff', 'Joan Shawlee', 'Billy Gray', 'George E. Stone']"
The Father,2020,https://imdb.com/title/tt10272386/,Mystery,"['United Kingdom', 'France', 'United States']",['Florian Zeller'],"['Anthony Hopkins', 'Olivia Colman', 'Mark Gatiss', 'Olivia Williams', 'Imogen Poots', 'Rufus Sewell', 'Ayesha Dharker', 'Roman Zeller', 'Adnan Kundi', 'Brian Rodger']"
Ève...,1950,https://imdb.com/title/tt0042192/,Drama,['United States'],['Joseph L Mankiewicz'],"['Bette Davis', 'Anne Baxter', 'George Sanders', 'Celeste Holm', 'Gary Merrill', 'Hugh Marlowe', 'Gregory Ratoff', 'Barbara Bates', 'Marilyn Monroe', 'Thelma Ritter']"
Green Book: Sur les routes du Sud,2018,https://imdb.com/title/tt6966692/,Drama,"['United States', 'China']",['Peter Farrelly'],"['Viggo Mortensen', 'Mahershala Ali', 'Linda Cardellini', 'Sebastian Maniscalco', 'Dimiter D. Marinov', 'Mike Hatton', 'P.J. Byrne', 'Joe Cortese', 'Maggie Nixon', 'Von Lewis']"
Le loup de Wall Street,2013,https://imdb.com/title/tt0993846/,Crime,['United States'],['Martin Scorsese'],"['Leonardo DiCaprio', 'Jonah Hill', 'Margot Robbie', 'Matthew McConaughey', 'Kyle Chandler', 'Rob Reiner', 'Jon Bernthal', 'Jon Favreau', 'Jean Dujardin', 'Joanna Lumley']"
Jugement à Nuremberg,1961,https://imdb.com/title/tt0055031/,War,['United States'],['Stanley Kramer'],"['Spencer Tracy', 'Burt Lancaster', 'Richard Widmark', 'Marlene Dietrich', 'Maximilian Schell', 'Judy Garland', 'Montgomery Clift', 'William Shatner', 'Werner Klemperer', 'Kenneth MacKenna']"
Impitoyable,1992,https://imdb.com/title/tt0105695/,Western,['United States'],['Clint Eastwood'],"['Clint Eastwood', 'Gene Hackman', 'Morgan Freeman', 'Richard Harris', 'Jaimz Woolvett', 'Saul Rubinek', 'Frances Fisher', 'Anna Thomson', 'David Mucci', 'Rob Campbell']"
Ran,1985,https://imdb.com/title/tt0089881/,War,"['Japan', 'France']",['Akira Kurosawa'],"['Tatsuya Nakadai', 'Akira Terao', 'Jinpachi Nezu', 'Daisuke Ryû', 'Mieko Harada', 'Yoshiko Miyazaki', 'Hisashi Igawa', 'Pîtâ', 'Masayuki Yui', 'Kazuo Katô']"
Casino,1995,https://imdb.com/title/tt0112641/,Drama,"['United States', 'France']",['Martin Scorsese'],"['Robert De Niro', 'Sharon Stone', 'Joe Pesci', 'James Woods', 'Don Rickles', 'Alan King', 'Kevin Pollak', 'L.Q. Jones', 'Dick Smothers', 'Frank Vincent']"
Le labyrinthe de Pan,2006,https://imdb.com/title/tt0457430/,War,"['Mexico', 'Spain']",['Guillermo del Toro'],"['Ivana Baquero', 'Ariadna Gil', 'Sergi López', 'Maribel Verdú', 'Doug Jones', 'Álex Angulo', 'Manolo Solo', 'César Vea', 'Roger Casamajor', 'Ivan Massagué']"
There Will Be Blood,2007,https://imdb.com/title/tt0469494/,Drama,['United States'],['Paul Thomas Anderson'],"['Daniel Day-Lewis', 'Paul Dano', 'Ciarán Hinds', 'Martin Stringer', 'Matthew Braden Stringer', 'Jacob Stringer', 'Joseph Mussey', 'Barry Del Sherman', 'Harrison Taylor', 'Stockton Taylor']"
Sixième sens,1999,https://imdb.com/title/tt0167404/,Thriller,['United States'],['M Night Shyamalan'],"['Bruce Willis', 'Haley Joel Osment', 'Toni Collette', 'Olivia Williams', 'Trevor Morgan', 'Donnie Wahlberg', 'Peter Anthony Tambakis', 'Jeffrey Zubernis', 'Bruce Norris', 'Glenn Fitzgerald']"
Un homme d'exception,2001,https://imdb.com/title/tt0268978/,Drama,['United States'],['Ron Howard'],"['Russell Crowe', 'Ed Harris', 'Jennifer Connelly', 'Christopher Plummer', 'Paul Bettany', 'Adam Goldberg', 'Josh Lucas', 'Anthony Rapp', 'Jason Gray-Stanford', 'Judd Hirsch']"
The Truman Show,1998,https://imdb.com/title/tt0120382/,Drama,['United States'],['Peter Weir'],"['Jim Carrey', 'Ed Harris', 'Laura Linney', 'Noah Emmerich', 'Natascha McElhone', 'Holland Taylor', 'Brian Delate', 'Blair Slater', 'Peter Krause', 'Heidi Schanz']"
Monty Python : Sacré Graal !,1975,https://imdb.com/title/tt0071853/,Fantasy,['United Kingdom'],"['Terry Gilliam', 'Terry Jones']","['Graham Chapman', 'John Cleese', 'Eric Idle', 'Terry Gilliam', 'Terry Jones', 'Michael Palin', 'Connie Booth', 'Carol Cleveland', 'Neil Innes', 'Bee Duffell']"
Le garde du corps,1961,https://imdb.com/title/tt0055630/,Thriller,['Japan'],['Akira Kurosawa'],"['Toshirô Mifune', 'Eijirô Tôno', 'Tatsuya Nakadai', 'Yôko Tsukasa', 'Isuzu Yamada', 'Daisuke Katô', 'Seizaburô Kawazu', 'Takashi Shimura', 'Hiroshi Tachikawa', 'Yôsuke Natsuki']"
Everything Everywhere All at Once,2022,https://imdb.com/title/tt6710474/,Comedy,['United States'],"['Dan Kwan', 'Daniel Scheinert']","['Michelle Yeoh', 'Stephanie Hsu', 'Ke Huy Quan', 'James Hong', 'Jamie Lee Curtis', 'Tallie Medel', 'Jenny Slate', 'Harry Shum Jr.', 'Randy Newman', 'Biff Wiff']"
Le Trésor de la Sierra Madre,1948,https://imdb.com/title/tt0040897/,Western,['United States'],['John Huston'],"['Humphrey Bogart', 'Walter Huston', 'Tim Holt', 'Bruce Bennett', 'Barton MacLane', 'Alfonso Bedoya', 'Arturo Soto Rangel', 'Manuel Dondé', 'José Torvay', 'Margarito Luna']"
Shutter Island,2010,https://imdb.com/title/tt1130884/,Thriller,['United States'],['Martin Scorsese'],"['Leonardo DiCaprio', 'Emily Mortimer', 'Mark Ruffalo', 'Ben Kingsley', 'Max von Sydow', 'Michelle Williams', 'Patricia Clarkson', 'Jackie Earle Haley', 'Ted Levine', 'John Carroll Lynch']"
Rashomon,1950,https://imdb.com/title/tt0042876/,Mystery,['Japan'],['Akira Kurosawa'],"['Toshirô Mifune', 'Machiko Kyô', 'Masayuki Mori', 'Takashi Shimura', 'Minoru Chiaki', 'Kichijirô Ueda', 'Noriko Honma', 'Daisuke Katô']"
Jurassic Park,1993,https://imdb.com/title/tt0107290/,Sci-Fi,['United States'],['Steven Spielberg'],"['Sam Neill', 'Laura Dern', 'Jeff Goldblum', 'Richard Attenborough', 'Bob Peck', 'Martin Ferrero', 'BD Wong', 'Joseph Mazzello', 'Ariana Richards', 'Samuel L. Jackson']"
La Grande Évasion,1963,https://imdb.com/title/tt0057115/,History,['United States'],['John Sturges'],"['Steve McQueen', 'James Garner', 'Richard Attenborough', 'Charles Bronson', 'James Donald', 'Donald Pleasence', 'James Coburn', 'Hannes Messemer', 'David McCallum', 'Gordon Jackson']"
Kill Bill: Volume I,2003,https://imdb.com/title/tt0266697/,Drama,['United States'],['Quentin Tarantino'],"['Uma Thurman', 'David Carradine', 'Daryl Hannah', 'Michael Madsen', 'Lucy Liu', 'Vivica A. Fox', 'Julie Dreyfus', 'Chiaki Kuriyama', ""Shin'ichi Chiba"", 'Chia-Hui Liu']"
No Country for Old Men,2007,https://imdb.com/title/tt0477348/,Thriller,['United States'],"['Ethan Coen', 'Joel Coen']","['Tommy Lee Jones', 'Javier Bardem', 'Josh Brolin', 'Woody Harrelson', 'Kelly Macdonald', 'Garret Dillahunt', 'Tess Harper', 'Barry Corbin', 'Stephen Root', 'Rodger Boyce']"
Le Monde de Nemo,2003,https://imdb.com/title/tt0266543/,Comedy,['United States'],"['Andrew Stanton', 'Lee Unkrich']","['Albert Brooks', 'Ellen DeGeneres', 'Alexander Gould', 'Willem Dafoe', 'Brad Garrett', 'Allison Janney', 'Austin Pendleton', 'Stephen Root', 'Vicki Lewis', 'Joe Ranft']"
Elephant Man,1980,https://imdb.com/title/tt0080678/,Drama,"['United States', 'United Kingdom']",['David Lynch'],"['Anthony Hopkins', 'John Hurt', 'Anne Bancroft', 'John Gielgud', 'Wendy Hiller', 'Freddie Jones', 'Michael Elphick', 'Hannah Gordon', 'Helen Ryan', 'John Standing']"
Chinatown,1974,https://imdb.com/title/tt0071315/,Thriller,['United States'],['Roman Polanski'],"['Jack Nicholson', 'Faye Dunaway', 'John Huston', 'Perry Lopez', 'John Hillerman', 'Darrell Zwerling', 'Diane Ladd', 'Roy Jenson', 'Roman Polanski', 'Richard Bakalyan']"
Raging Bull,1980,https://imdb.com/title/tt0081398/,Sport,['United States'],['Martin Scorsese'],"['Robert De Niro', 'Cathy Moriarty', 'Joe Pesci', 'Frank Vincent', 'Nicholas Colasanto', 'Theresa Saldana', 'Mario Gallo', 'Frank Adonis', 'Joseph Bono', 'Frank Topham']"
Autant en emporte le vent,1939,https://imdb.com/title/tt0031381/,War,['United States'],"['Victor Fleming', 'George Cukor', 'Sam Wood']","['Clark Gable', 'Vivien Leigh', 'Thomas Mitchell', ""Barbara O'Neil"", 'Evelyn Keyes', 'Ann Rutherford', 'George Reeves', 'Fred Crane', 'Hattie McDaniel', 'Oscar Polk']"
V pour vendetta,2005,https://imdb.com/title/tt0434409/,Sci-Fi,"['United States', 'United Kingdom', 'Germany']",['James McTeigue'],"['Hugo Weaving', 'Natalie Portman', 'Rupert Graves', 'Stephen Rea', 'Stephen Fry', 'John Hurt', 'Tim Pigott-Smith', 'Roger Allam', 'Ben Miles', 'Sinéad Cusack']"
The Thing,1982,https://imdb.com/title/tt0084787/,Sci-Fi,['United States'],['John Carpenter'],"['Kurt Russell', 'Wilford Brimley', 'Keith David', 'Richard Masur', 'T.K. Carter', 'David Clennon', 'Richard Dysart', 'Charles Hallahan', 'Peter Maloney', 'Donald Moffat']"
Vice-versa,2015,https://imdb.com/title/tt2096673/,Comedy,['United States'],"['Pete Docter', 'Ronnie Del Carmen']","['Amy Poehler', 'Bill Hader', 'Lewis Black', 'Mindy Kaling', 'Phyllis Smith', 'Richard Kind', 'Kaitlyn Dias', 'Diane Lane', 'Kyle MacLachlan', 'Paula Poundstone']"
"Arnaques, crimes et botanique",1998,https://imdb.com/title/tt0120735/,Crime,['United Kingdom'],['Guy Ritchie'],"['Jason Flemyng', 'Dexter Fletcher', 'Nick Moran', 'Jason Statham', 'Steven Mackintosh', 'Nicholas Rowe', 'Nick Marcq', 'Charles Forbes', 'Vinnie Jones', 'Lenny McLean']"
Le crime était presque parfait,1954,https://imdb.com/title/tt0046912/,Thriller,['United States'],['Alfred Hitchcock'],"['Ray Milland', 'Grace Kelly', 'Robert Cummings', 'John Williams', 'Anthony Dawson', 'Leo Britt', 'Patrick Allen', 'George Leigh', 'George Alderson', 'Robin Hughes']"
Dans ses yeux,2009,https://imdb.com/title/tt1305806/,Romance,"['Argentina', 'Spain']",['Juan José Campanella'],"['Ricardo Darín', 'Soledad Villamil', 'Pablo Rago', 'Carla Quevedo', 'Javier Godino', 'Bárbara Palladino', 'Rudy Romano', 'Alejandro Abelenda', 'Mario Alarcón', 'Guillermo Francella']"
Le château ambulant,2004,https://imdb.com/title/tt0347149/,Family,['Japan'],['Hayao Miyazaki'],"['Chieko Baishô', 'Takuya Kimura', 'Tatsuya Gashûin', 'Akihiro Miwa', 'Ryûnosuke Kamiki', 'Mitsunori Isaki', 'Yô Ôizumi', 'Akio Ôtsuka', 'Daijirô Harada', 'Haruko Katô']"
Le pont de la rivière Kwaï,1957,https://imdb.com/title/tt0050212/,War,"['United Kingdom', 'United States']",['David Lean'],"['William Holden', 'Alec Guinness', 'Jack Hawkins', 'Sessue Hayakawa', 'James Donald', 'Geoffrey Horne', 'André Morell', 'Peter Williams', 'John Boxer', 'Percy Herbert']"
3 Billboards: Les panneaux de la vengeance,2017,https://imdb.com/title/tt5027774/,Drama,"['United Kingdom', 'United States']",['Martin McDonagh'],"['Frances McDormand', 'Woody Harrelson', 'Sam Rockwell', 'Caleb Landry Jones', 'Kerry Condon', 'Alejandro Barrios', 'Jason Ledford', 'Darrell Britt-Gibson', 'Abbie Cornish', 'Riya May Atwood']"
Trainspotting,1996,https://imdb.com/title/tt0117951/,Drama,['United Kingdom'],['Danny Boyle'],"['Ewan McGregor', 'Ewen Bremner', 'Jonny Lee Miller', 'Kevin McKidd', 'Robert Carlyle', 'Kelly Macdonald', 'Peter Mullan', 'James Cosmo', 'Eileen Nicholas', 'Susan Vidler']"
Warrior,2011,https://imdb.com/title/tt1291584/,Sport,['United States'],"[""Gavin O'Connor""]","['Tom Hardy', 'Nick Nolte', 'Joel Edgerton', 'Jennifer Morrison', 'Frank Grillo', 'Kevin Dunn', 'Maximiliano Hernández', 'Bryan Callen', 'Sam Sheridan', 'Fernando Chien']"
Gran Torino,2008,https://imdb.com/title/tt1205489/,Drama,"['Germany', 'United States']",['Clint Eastwood'],"['Clint Eastwood', 'Bee Vang', 'Christopher Carley', 'Ahney Her', 'Brian Haley', 'Geraldine Hughes', 'Dreama Walker', 'Brian Howe', 'John Carroll Lynch', 'William Hill']"
Fargo,1996,https://imdb.com/title/tt0116282/,Thriller,"['United States', 'United Kingdom']","['Joel Coen', 'Ethan Coen']","['William H. Macy', 'Frances McDormand', 'Steve Buscemi', 'Peter Stormare', 'Kristin Rudrüd', 'Harve Presnell', 'Tony Denman', 'Gary Houston', 'Sally Wingert', 'Kurt Schweickhardt']"
Prisoners,2013,https://imdb.com/title/tt1392214/,Mystery,['United States'],['Denis Villeneuve'],"['Hugh Jackman', 'Jake Gyllenhaal', 'Viola Davis', 'Melissa Leo', 'Maria Bello', 'Terrence Howard', 'Paul Dano', 'Dylan Minnette', 'Zoë Soul', 'Erin Gerasimovich']"
Mon voisin Totoro,1988,https://imdb.com/title/tt0096283/,Family,['Japan'],['Hayao Miyazaki'],"['Hitoshi Takagi', 'Noriko Hidaka', 'Chika Sakamoto', 'Shigesato Itoi', 'Sumi Shimamoto', 'Tanie Kitabayashi', 'Yûko Maruyama', 'Machiko Washio', 'Reiko Suzuki', 'Masashi Hirose']"
Million Dollar Baby,2004,https://imdb.com/title/tt0405159/,Sport,['United States'],['Clint Eastwood'],"['Hilary Swank', 'Clint Eastwood', 'Morgan Freeman', 'Jay Baruchel', 'Mike Colter', 'Lucia Rijker', ""Brían F. O'Byrne"", 'Anthony Mackie', 'Margo Martindale', 'Riki Lindhome']"
La ruée vers l'or,1925,https://imdb.com/title/tt0015864/,Drama,['United States'],['Charles Chaplin'],"['Charles Chaplin', 'Mack Swain', 'Tom Murray', 'Henry Bergman', 'Malcolm Waite', 'Georgia Hale', 'Jack Adams', 'Frank Aderias', 'Leona Aderias', 'Lillian Adrian']"
Arrête-moi si tu peux,2002,https://imdb.com/title/tt0264464/,Drama,"['United States', 'Canada']",['Steven Spielberg'],"['Leonardo DiCaprio', 'Tom Hanks', 'Christopher Walken', 'Martin Sheen', 'Nathalie Baye', 'Amy Adams', 'James Brolin', 'Brian Howe', 'Frank John Hughes', 'Steve Eastin']"
Blade Runner,1982,https://imdb.com/title/tt0083658/,Sci-Fi,['United States'],['Ridley Scott'],"['Harrison Ford', 'Rutger Hauer', 'Sean Young', 'Edward James Olmos', 'M. Emmet Walsh', 'Daryl Hannah', 'William Sanderson', 'Brion James', 'Joe Turkel', 'Joanna Cassidy']"
Sur les quais...,1954,https://imdb.com/title/tt0047296/,Thriller,['United States'],['Elia Kazan'],"['Marlon Brando', 'Karl Malden', 'Lee J. Cobb', 'Rod Steiger', 'Pat Henning', 'Leif Erickson', 'James Westerfield', 'Tony Galento', 'Tami Mauriello', 'John F. Hamilton']"
Le troisième homme,1949,https://imdb.com/title/tt0041959/,Thriller,['United Kingdom'],['Carol Reed'],"['Orson Welles', 'Joseph Cotten', 'Alida Valli', 'Trevor Howard', 'Paul Hörbiger', 'Ernst Deutsch', 'Erich Ponto', 'Siegfried Breuer', 'Hedwig Bleibtreu', 'Bernard Lee']"
Les enfants du ciel,1997,https://imdb.com/title/tt0118849/,Sport,['Iran'],['Majid Majidi'],"['Mohammad Amir Naji', 'Amir Farrokh Hashemian', 'Bahare Seddiqi', 'Nafise Jafar-Mohammadi', 'Fereshte Sarabandi', 'Kamal Mirkarimi', 'Behzad Rafi', 'Dariush Mokhtari', 'Mohammad-Hasan Hosseinian', 'Masume Dair']"
Ben-Hur,1959,https://imdb.com/title/tt0052618/,History,['United States'],['William Wyler'],"['Charlton Heston', 'Jack Hawkins', 'Stephen Boyd', 'Haya Harareet', 'Hugh Griffith', 'Martha Scott', ""Cathy O'Donnell"", 'Sam Jaffe', 'Finlay Currie', 'Frank Thring']"
12 Years a Slave,2013,https://imdb.com/title/tt2024544/,History,"['United States', 'United Kingdom']",['Steve McQueen'],"['Chiwetel Ejiofor', 'Michael Kenneth Williams', 'Michael Fassbender', 'Brad Pitt', 'Dwight Henry', 'Dickie Gravois', 'Bryan Batt', 'Ashley Dyke', 'Kelsey Scott', 'Quvenzhané Wallis']"
Le mécano de la Générale,1926,https://imdb.com/title/tt0017925/,Comedy,['United States'],"['Clyde Bruckman', 'Buster Keaton']","['Buster Keaton', 'Marion Mack', 'Glen Cavender', 'Jim Farley', 'Frederick Vroom', 'Frank Barnes', 'Charles Henry Smith', 'Joe Keaton', 'Mike Donlin', 'Tom Nawn']"
Before Sunrise,1995,https://imdb.com/title/tt0112471/,Romance,"['United States', 'Austria']",['Richard Linklater'],"['Ethan Hawke', 'Julie Delpy', 'Andrea Eckert', 'Hanno Pöschl', 'Karl Bruckschwaiger', 'Tex Rubinowitz', 'Erni Mangold', 'Dominik Castell', 'Haymon Maria Buttinger', 'Harald Waiglein']"
Les fraises sauvages,1957,https://imdb.com/title/tt0050986/,Romance,['Sweden'],['Ingmar Bergman'],"['Victor Sjöström', 'Bibi Andersson', 'Ingrid Thulin', 'Gunnar Björnstrand', 'Jullan Kindahl', 'Folke Sundquist', 'Björn Bjelfvenstam', 'Naima Wifstrand', 'Gunnel Broström', 'Gertrud Fridh']"
Gone Girl,2014,https://imdb.com/title/tt2267998/,Thriller,['United States'],['David Fincher'],"['Ben Affleck', 'Rosamund Pike', 'Neil Patrick Harris', 'Tyler Perry', 'Carrie Coon', 'Kim Dickens', 'Patrick Fugit', 'David Clennon', 'Lisa Banes', 'Missi Pyle']"
Harry Potter et les Reliques de la Mort : partie 2,2011,https://imdb.com/title/tt1201607/,Mystery,"['United Kingdom', 'United States']",['David Yates'],"['Daniel Radcliffe', 'Emma Watson', 'Rupert Grint', 'Michael Gambon', 'Ralph Fiennes', 'Alan Rickman', 'Evanna Lynch', 'Domhnall Gleeson', 'Clémence Poésy', 'Warwick Davis']"
Voyage au bout de l'enfer,1978,https://imdb.com/title/tt0077416/,War,"['United States', 'United Kingdom']",['Michael Cimino'],"['Robert De Niro', 'Christopher Walken', 'John Cazale', 'John Savage', 'Meryl Streep', 'George Dzundza', 'Chuck Aspegren', 'Shirley Stoler', 'Rutanya Alda', 'Pierre Segui']"
Au nom du père,1993,https://imdb.com/title/tt0107207/,Drama,"['Ireland', 'United Kingdom']",['Jim Sheridan'],"['Daniel Day-Lewis', 'Pete Postlethwaite', 'Alison Crosbie', 'Philip King', 'Emma Thompson', 'Nye Heron', 'Anthony Brophy', 'Frankie McCafferty', 'Paul Warriner', 'Julian Walsh']"
The Grand Budapest hotel,2014,https://imdb.com/title/tt2278388/,Crime,"['United States', 'Germany']",['Wes Anderson'],"['Ralph Fiennes', 'F. Murray Abraham', 'Mathieu Amalric', 'Adrien Brody', 'Willem Dafoe', 'Jeff Goldblum', 'Harvey Keitel', 'Jude Law', 'Bill Murray', 'Edward Norton']"
Mr. Smith au sénat,1939,https://imdb.com/title/tt0031679/,Drama,['United States'],['Frank Capra'],"['James Stewart', 'Jean Arthur', 'Claude Rains', 'Edward Arnold', 'Guy Kibbee', 'Thomas Mitchell', 'Eugene Pallette', 'Beulah Bondi', 'H.B. Warner', 'Harry Carey']"
Le salaire de la peur,1953,https://imdb.com/title/tt0046268/,Thriller,"['France', 'Italy']",['Henri-Georges Clouzot'],"['Yves Montand', 'Charles Vanel', 'Peter van Eyck', 'Folco Lulli', 'Véra Clouzot', 'William Tubbs', 'Darío Moreno', 'Jo Dest', 'Antonio Centa', 'Luis De Lima']"
Barry Lyndon,1975,https://imdb.com/title/tt0072684/,War,"['United Kingdom', 'United States']",['Stanley Kubrick'],"[""Ryan O'Neal"", 'Marisa Berenson', 'Patrick Magee', 'Hardy Krüger', 'Steven Berkoff', 'Gay Hamilton', 'Marie Kean', 'Diana Körner', 'Murray Melvin', 'Frank Middlemass']"
Sherlock Junior,1924,https://imdb.com/title/tt0015324/,Romance,['United States'],['Buster Keaton'],"['Buster Keaton', 'Kathryn McGuire', 'Joe Keaton', 'Erwin Connelly', 'Ward Crane', 'Jane Connelly', 'George Davis', 'Doris Deane', 'Christine Francis', 'Betsy Ann Hisle']"
Memories of Murder,2003,https://imdb.com/title/tt0353969/,Mystery,['South Korea'],['Bong Joon Ho'],"['Song Kang-ho', 'Kim Sang-kyung', 'Roe-ha Kim', 'Jae-ho Song', 'Byun Hee-Bong', 'Seo-hie Ko', 'Tae-ho Ryu', 'No-shik Park', 'Park Hae-il', 'Mi-seon Jeon']"
La légende de Klaus,2019,https://imdb.com/title/tt4729430/,Comedy,"['Spain', 'United Kingdom']","['Sergio Pablos', 'Carlos Martínez López']","['Jason Schwartzman', 'J.K. Simmons', 'Rashida Jones', 'Will Sasso', 'Neda Margrethe Labba', 'Sergio Pablos', 'Norm MacDonald', 'Joan Cusack', 'Evan Agos', 'Sky Alexis']"
Tu ne tueras point,2016,https://imdb.com/title/tt2119532/,History,"['Australia', 'United States']",['Mel Gibson'],"['Andrew Garfield', 'Sam Worthington', 'Luke Bracey', 'Teresa Palmer', 'Richard Pyros', 'Jacob Warner', 'Milo Gibson', 'Darcy Bryce', 'Roman Guerriero', 'James Lugton']"
Room,2015,https://imdb.com/title/tt3170832/,Thriller,"['Ireland', 'Canada', 'United Kingdom', 'United States']",['Lenny Abrahamson'],"['Brie Larson', 'Jacob Tremblay', 'Sean Bridgers', 'Wendy Crewson', 'Sandy McMaster', 'Matt Gordon', 'Amanda Brugel', 'Joe Pingue', 'Joan Allen', 'Zarrin Darnell-Martin']"
Le septième sceau,1957,https://imdb.com/title/tt0050976/,Fantasy,['Sweden'],['Ingmar Bergman'],"['Max von Sydow', 'Gunnar Björnstrand', 'Bengt Ekerot', 'Nils Poppe', 'Bibi Andersson', 'Inga Gill', 'Maud Hansson', 'Inga Landgré', 'Gunnel Lindblom', 'Bertil Anderberg']"
Les Nouveaux Sauvages,2014,https://imdb.com/title/tt3011894/,Thriller,"['Argentina', 'Spain', 'France', 'United Kingdom']",['Damián Szifron'],"['Darío Grandinetti', 'María Marull', 'Mónica Villa', 'Diego Starosta', 'Marcelo Frasca', 'Lucila Mangone', 'María Laura Caccamo', 'Carlos Alberto Vavassori', 'Pablo Machado', 'Horacio Vay']"
The Big Lebowski,1998,https://imdb.com/title/tt0118715/,Crime,"['United States', 'United Kingdom']","['Joel Coen', 'Ethan Coen']","['Jeff Bridges', 'John Goodman', 'Julianne Moore', 'Steve Buscemi', 'David Huddleston', 'Philip Seymour Hoffman', 'Tara Reid', 'Philip Moon', 'Mark Pellegrino', 'Peter Stormare']"
Mad Max: Fury Road,2015,https://imdb.com/title/tt1392190/,Sci-Fi,"['Australia', 'United States']",['George Miller'],"['Tom Hardy', 'Charlize Theron', 'Nicholas Hoult', 'Zoë Kravitz', 'Hugh Keays-Byrne', 'Josh Helman', 'Nathan Jones', 'Rosie Huntington-Whiteley', 'Riley Keough', 'Abbey Lee']"
Dragons,2010,https://imdb.com/title/tt0892769/,Adventure,['United States'],"['Dean De', 'Blois', 'Chris Sanders']","['Jay Baruchel', 'Gerard Butler', 'Christopher Mintz-Plasse', 'Craig Ferguson', 'America Ferrera', 'Jonah Hill', 'T.J. Miller', 'Kristen Wiig', 'Robin Atkin Downes', 'Philip McGrade']"
Mary et Max.,2009,https://imdb.com/title/tt0978762/,Drama,['Australia'],['Adam Elliot'],"['Toni Collette', 'Philip Seymour Hoffman', 'Eric Bana', 'Barry Humphries', 'Christopher Massey', 'Oliver Marks', 'Daisy Kocher', 'Daniel Marks', 'Hamish Hughes', 'Dan Doherty']"
Monstres & Cie,2001,https://imdb.com/title/tt0198781/,Comedy,['United States'],"['Pete Docter', 'David Silverman', 'Lee Unkrich']","['Billy Crystal', 'John Goodman', 'Mary Gibbs', 'Steve Buscemi', 'James Coburn', 'Jennifer Tilly', 'Bob Peterson', 'John Ratzenberger', 'Frank Oz', 'Daniel Gerson']"
Les Dents de la mer,1975,https://imdb.com/title/tt0073195/,Thriller,['United States'],['Steven Spielberg'],"['Roy Scheider', 'Robert Shaw', 'Richard Dreyfuss', 'Lorraine Gary', 'Murray Hamilton', 'Carl Gottlieb', 'Jeffrey Kramer', 'Susan Backlinie', 'Jonathan Filley', 'Ted Grossman']"
La passion de Jeanne d'Arc,1928,https://imdb.com/title/tt0019254/,History,['France'],['Carl Theodor Dreyer'],"['Maria Falconetti', 'Eugene Silvain', 'André Berley', 'Maurice Schutz', 'Antonin Artaud', 'Michel Simon', ""Jean d'Yd"", 'Louis Ravet', 'Armand Lurville', 'Jacques Arnna']"
Le Cercle des poètes disparus,1989,https://imdb.com/title/tt0097165/,Drama,['United States'],['Peter Weir'],"['Robin Williams', 'Robert Sean Leonard', 'Ethan Hawke', 'Josh Charles', 'Gale Hansen', 'Dylan Kussman', 'Allelon Ruggiero', 'James Waterston', 'Norman Lloyd', 'Kurtwood Smith']"
Hôtel Rwanda,2004,https://imdb.com/title/tt0395169/,History,"['United Kingdom', 'South Africa', 'Italy', 'United States']",['Terry George'],"['Don Cheadle', 'Sophie Okonedo', 'Joaquin Phoenix', 'Xolani Mali', 'Desmond Dube', 'Hakeem Kae-Kazim', 'Tony Kgoroge', 'Rosie Motene', 'Neil McCarthy', ""Mabutho 'Kid' Sithole""]"
Voyage à Tokyo,1953,https://imdb.com/title/tt0046438/,Drama,['Japan'],['Yasujirô Ozu'],"['Chishû Ryû', 'Chieko Higashiyama', 'Sô Yamamura', 'Setsuko Hara', 'Haruko Sugimura', 'Kuniko Miyake', 'Kyôko Kagawa', 'Eijirô Tôno', 'Nobuo Nakamura', 'Shirô Ôsaka']"
La complainte du sentier,1955,https://imdb.com/title/tt0048473/,Drama,['India'],['Satyajit Ray'],"['Kanu Bannerjee', 'Karuna Bannerjee', 'Subir Banerjee', 'Chunibala Devi', 'Uma Das Gupta', 'Runki Banerjee', 'Reba Devi', 'Aparna Devi', 'Tulsi Chakraborty', 'Haren Banerjee']"
Rocky,1976,https://imdb.com/title/tt0075148/,Sport,['United States'],['John G Avildsen'],"['Sylvester Stallone', 'Talia Shire', 'Burt Young', 'Carl Weathers', 'Burgess Meredith', 'Thayer David', 'Joe Spinell', 'Jimmy Gambina', 'Bill Baldwin', 'Al Silvani']"
Platoon,1986,https://imdb.com/title/tt0091763/,War,"['United States', 'United Kingdom']",['Oliver Stone'],"['Charlie Sheen', 'Tom Berenger', 'Willem Dafoe', 'Keith David', 'Forest Whitaker', 'Francesco Quinn', 'Kevin Dillon', 'John C. McGinley', 'Reggie Johnson', 'Mark Moses']"
Le Mans '66,2019,https://imdb.com/title/tt1950186/,Drama,['United States'],['James Mangold'],"['Matt Damon', 'Christian Bale', 'Jon Bernthal', 'Caitríona Balfe', 'Josh Lucas', 'Noah Jupe', 'Tracy Letts', 'Remo Girone', 'Ray McKinnon', 'JJ Feild']"
Stand by Me : Compte sur moi,1986,https://imdb.com/title/tt0092005/,Drama,['United States'],['Rob Reiner'],"['Wil Wheaton', 'River Phoenix', 'Corey Feldman', ""Jerry O'Connell"", 'Kiefer Sutherland', 'Casey Siemaszko', 'Gary Riley', 'Bradley Gregg', 'Jason Oliver Lipsett', 'Marshall Bell']"
Terminator,1984,https://imdb.com/title/tt0088247/,Sci-Fi,"['United Kingdom', 'United States']",['James Cameron'],"['Arnold Schwarzenegger', 'Linda Hamilton', 'Michael Biehn', 'Paul Winfield', 'Lance Henriksen', 'Rick Rossovich', 'Bess Motta', 'Earl Boen', 'Dick Miller', 'Shawn Schepps']"
Spotlight,2015,https://imdb.com/title/tt1895587/,Drama,['United States'],['Tom McCarthy'],"['Mark Ruffalo', 'Michael Keaton', 'Rachel McAdams', 'Liev Schreiber', 'John Slattery', ""Brian d'Arcy James"", 'Stanley Tucci', 'Elena Wohl', 'Gene Amoroso', 'Doug Murray']"
Rush,2013,https://imdb.com/title/tt1979320/,Drama,"['United Kingdom', 'United States']",['Ron Howard'],"['Daniel Brühl', 'Chris Hemsworth', 'Olivia Wilde', 'Alexandra Maria Lara', 'Pierfrancesco Favino', 'David Calder', 'Natalie Dormer', 'Stephen Mangan', 'Christian McKay', 'Alistair Petrie']"
Network - Main basse sur la TV,1976,https://imdb.com/title/tt0074958/,Drama,['United States'],['Sidney Lumet'],"['Faye Dunaway', 'William Holden', 'Peter Finch', 'Robert Duvall', 'Wesley Addy', 'Ned Beatty', 'Arthur Burghardt', 'Bill Burrows', 'John Carpenter', 'Jordan Charney']"
Into the Wild,2007,https://imdb.com/title/tt0758758/,Drama,['United States'],['Sean Penn'],"['Emile Hirsch', 'Vince Vaughn', 'Catherine Keener', 'Marcia Gay Harden', 'William Hurt', 'Jena Malone', 'Brian H. Dierker', 'Kristen Stewart', 'Hal Holbrook', 'Jim Gallien']"
Logan,2017,https://imdb.com/title/tt3315342/,Sci-Fi,['United States'],['James Mangold'],"['Hugh Jackman', 'Patrick Stewart', 'Dafne Keen', 'Boyd Holbrook', 'Stephen Merchant', 'Elizabeth Rodriguez', 'Richard E. Grant', 'Eriq La Salle', 'Elise Neal', 'Quincy Fouse']"
Le magicien d'Oz,1939,https://imdb.com/title/tt0032138/,Fantasy,['United States'],"['Victor Fleming', 'George Cukor', 'Mervyn Le', 'Roy']","['Judy Garland', 'Frank Morgan', 'Ray Bolger', 'Bert Lahr', 'Jack Haley', 'Billie Burke', 'Margaret Hamilton', 'Charley Grapewin', 'Pat Walshe', 'Clara Blandick']"
Ratatouille,2007,https://imdb.com/title/tt0382932/,Comedy,['United States'],"['Brad Bird', 'Jan Pinkava']","['Brad Garrett', 'Lou Romano', 'Patton Oswalt', 'Ian Holm', 'Brian Dennehy', 'Peter Sohn', ""Peter O'Toole"", 'Janeane Garofalo', 'Will Arnett', 'Julius Callahan']"
Un jour sans fin,1993,https://imdb.com/title/tt0107048/,Fantasy,['United States'],['Harold Ramis'],"['Bill Murray', 'Andie MacDowell', 'Chris Elliott', 'Stephen Tobolowsky', 'Brian Doyle-Murray', 'Marita Geraghty', 'Angela Paton', 'Rick Ducommun', 'Rick Overton', 'Robin Duke']"
Before Sunset,2004,https://imdb.com/title/tt0381681/,Romance,"['United States', 'France']",['Richard Linklater'],"['Ethan Hawke', 'Julie Delpy', 'Vernon Dobtcheff', 'Louise Lemoine Torrès', 'Rodolphe Pauly', 'Mariane Plasteig', 'Diabolo', 'Denis Evrard', 'Albert Delpy', 'Marie Pillet']"
L'Exorciste,1973,https://imdb.com/title/tt0070047/,Horror,['United States'],['William Friedkin'],"['Ellen Burstyn', 'Max von Sydow', 'Linda Blair', 'Lee J. Cobb', 'Kitty Winn', 'Jack MacGowran', 'Jason Miller', ""William O'Malley"", 'Barton Heyman', 'Peter Masterson']"
Les Plus Belles Années de notre vie,1946,https://imdb.com/title/tt0036868/,War,['United States'],['William Wyler'],"['Myrna Loy', 'Dana Andrews', 'Fredric March', 'Teresa Wright', 'Virginia Mayo', ""Cathy O'Donnell"", 'Hoagy Carmichael', 'Harold Russell', 'Gladys George', 'Roman Bohnen']"
Les Indestructibles,2004,https://imdb.com/title/tt0317705/,Adventure,['United States'],['Brad Bird'],"['Craig T. Nelson', 'Samuel L. Jackson', 'Holly Hunter', 'Jason Lee', 'Dominique Louis', 'Teddy Newton', 'Jean Sincere', 'Eli Fucile', 'Maeve Andrews', 'Wallace Shawn']"
Jeux dangereux,1942,https://imdb.com/title/tt0035446/,War,['United States'],['Ernst Lubitsch'],"['Carole Lombard', 'Jack Benny', 'Robert Stack', 'Felix Bressart', 'Lionel Atwill', 'Stanley Ridges', 'Sig Ruman', 'Tom Dugan', 'Charles Halton', 'George Lynn']"
Rebecca,1940,https://imdb.com/title/tt0032976/,Mystery,['United States'],['Alfred Hitchcock'],"['Laurence Olivier', 'Joan Fontaine', 'George Sanders', 'Judith Anderson', 'Nigel Bruce', 'Reginald Denny', 'C. Aubrey Smith', 'Gladys Cooper', 'Florence Bates', 'Melville Cooper']"
Les raisins de la colère,1940,https://imdb.com/title/tt0032551/,Drama,['United States'],['John Ford'],"['Henry Fonda', 'Jane Darwell', 'John Carradine', 'Charley Grapewin', 'Dorris Bowdon', 'Russell Simpson', 'O.Z. Whitehead', 'John Qualen', 'Eddie Quillan', 'Zeffie Tilbury']"
La bataille d'Alger,1966,https://imdb.com/title/tt0058946/,War,"['Italy', 'Algeria']",['Gillo Pontecorvo'],"['Brahim Hadjadj', 'Jean Martin', 'Yacef Saadi', 'Samia Kerbash', 'Ugo Paletti', 'Fusia El Kader', 'Mohamed Ben Kassen', 'Franco Moruzzi', 'Tommaso Neri', 'Rouïched']"
Hatchi,2009,https://imdb.com/title/tt1028532/,Family,"['United Kingdom', 'United States']",['Lasse Hallström'],"['Richard Gere', 'Joan Allen', 'Cary-Hiroyuki Tagawa', 'Sarah Roemer', 'Jason Alexander', 'Erick Avari', 'Davenia McFadden', 'Robbie Sublett', 'Kevin DeCoste', 'Rob Degnan']"
Luke la main froide,1967,https://imdb.com/title/tt0061512/,Drama,['United States'],['Stuart Rosenberg'],"['Paul Newman', 'George Kennedy', 'Strother Martin', 'J.D. Cannon', 'Lou Antonio', 'Robert Drivas', 'Jo Van Fleet', 'Clifton James', 'Morgan Woodward', 'Luke Askew']"
Amours chiennes,2000,https://imdb.com/title/tt0245712/,Thriller,['Mexico'],['Alejandro G Iñárritu'],"['Emilio Echevarría', 'Gael García Bernal', 'Goya Toledo', 'Álvaro Guerrero', 'Vanessa Bauche', 'Jorge Salinas', 'Marco Pérez', 'Rodrigo Murray', 'Humberto Busto', 'Gerardo Campbell']"
Pirates des Caraïbes : La malédiction du Black Pearl,2003,https://imdb.com/title/tt0325980/,Fantasy,['United States'],['Gore Verbinski'],"['Johnny Depp', 'Geoffrey Rush', 'Orlando Bloom', 'Keira Knightley', 'Jack Davenport', 'Jonathan Pryce', 'Lee Arenberg', 'Mackenzie Crook', ""Damian O'Hare"", 'Giles New']"
La Haine,1995,https://imdb.com/title/tt0113247/,Drama,"['France', 'United States']",['Mathieu Kassovitz'],"['Vincent Cassel', 'Hubert Koundé', 'Saïd Taghmaoui', 'Abdel Ahmed Ghili', 'Solo', 'Joseph Momo', 'Héloïse Rauth', 'Rywka Wajsbrot', 'Olga Abrego', 'Laurent Labasse']"
Les Quatre Cents Coups,1959,https://imdb.com/title/tt0053198/,Drama,['France'],['François Truffaut'],"['Jean-Pierre Léaud', 'Albert Rémy', 'Claire Maurier', 'Guy Decomble', 'Georges Flamant', 'Patrick Auffay', 'Daniel Couturier', 'François Nocher', 'Richard Kanayan', 'Renaud Fontanarosa']"
Persona,1966,https://imdb.com/title/tt0060827/,Thriller,['Sweden'],['Ingmar Bergman'],"['Bibi Andersson', 'Liv Ullmann', 'Margaretha Krook', 'Gunnar Björnstrand', 'Jörgen Lindström']"
Mon père et mon fils,2005,https://imdb.com/title/tt0476735/,Family,['Turkey'],['Cagan Irmak'],"['Çetin Tekindor', 'Fikret Kuskan', 'Hümeyra', 'Ege Tanman', 'Serif Sezer', 'Yetkin Dikinciler', 'Binnur Kaya', 'Mahmut Gökgöz', 'Nergis Çorakçi', 'Bilge Sen']"
Monty Python : La Vie de Brian,1979,https://imdb.com/title/tt0079470/,Comedy,['United Kingdom'],['Terry Jones'],"['Graham Chapman', 'John Cleese', 'Michael Palin', 'Terry Gilliam', 'Eric Idle', 'Terry Jones', 'Terence Bayler', 'Carol Cleveland', 'Kenneth Colley', 'Neil Innes']"
New York - Miami,1934,https://imdb.com/title/tt0025316/,Romance,['United States'],['Frank Capra'],"['Clark Gable', 'Claudette Colbert', 'Walter Connolly', 'Roscoe Karns', 'Jameson Thomas', 'Alan Hale', 'Arthur Hoyt', 'Blanche Friderici', 'Charles C. Wilson', 'Ernie Adams']"
La mélodie du bonheur,1965,https://imdb.com/title/tt0059742/,Family,['United States'],['Robert Wise'],"['Julie Andrews', 'Christopher Plummer', 'Eleanor Parker', 'Richard Haydn', 'Peggy Wood', 'Charmian Carr', 'Heather Menzies-Urich', 'Nicholas Hammond', 'Duane Chase', 'Angela Cartwright']"
Dersou Ouzala,1975,https://imdb.com/title/tt0071411/,Drama,"['Soviet Union', 'Japan']",['Akira Kurosawa'],"['Maksim Munzuk', 'Yuriy Solomin', 'Mikhail Bychkov', 'Vladimir Khrulyov', 'V. Lastochkin', 'Stanislav Marin', 'Igor Sykhra', 'Vladimir Sergiyakov', 'Yanis Yakobsons', 'Vladimir Khlestov']"
Mademoiselle,2016,https://imdb.com/title/tt4016934/,Thriller,['South Korea'],['Park Chan-wook'],"['Kim Min-hee', 'Ha Jung-woo', 'Cho Jin-woong', 'Moon So-ri', 'Kim Tae-ri', 'Yong-nyeo Lee', 'Min-chae Yoo', 'Dong-hwi Lee', 'Kim Hae-sook', 'Kyu-jung Lee']"
Jai Bhim,2021,https://imdb.com/title/tt15097216/,Mystery,['India'],['TJ Gnanavel'],"['Suriya', 'Lijo Mol Jose', 'Manikandan K.', 'Rajisha Vijayan', 'Prakash Raj', 'Rao Ramesh', 'Guru Somasundaram', 'M.S. Bhaskar', 'V. Jayaprakash', 'Sibi Thomas']"
Aladdin,1992,https://imdb.com/title/tt0103639/,Comedy,['United States'],"['Ron Clements', 'John Musker']","['Scott Weinger', 'Robin Williams', 'Linda Larkin', 'Jonathan Freeman', 'Frank Welker', 'Gilbert Gottfried', 'Douglas Seale', 'Charlie Adler', 'Jack Angel', 'Corey Burton']"
Gandhi,1982,https://imdb.com/title/tt0083987/,Drama,"['United Kingdom', 'India', 'United States', 'South Africa']",['Richard Attenborough'],"['Ben Kingsley', 'John Gielgud', 'Rohini Hattangadi', 'Roshan Seth', 'Candice Bergen', 'Edward Fox', 'Trevor Howard', 'John Mills', 'Martin Sheen', 'Ian Charleson']"
La couleur des sentiments,2011,https://imdb.com/title/tt1454029/,Drama,"['United States', 'India']",['Tate Taylor'],"['Emma Stone', 'Viola Davis', 'Octavia Spencer', 'Bryce Dallas Howard', 'Jessica Chastain', ""Ahna O'Reilly"", 'Allison Janney', 'Anna Camp', 'Eleanor Henry', 'Emma Henry']"
La Belle et la Bête,1991,https://imdb.com/title/tt0101414/,Fantasy,['United States'],"['Gary Trousdale', 'Kirk Wise']","[""Paige O'Hara"", 'Robby Benson', 'Jesse Corti', 'Rex Everhart', 'Angela Lansbury', 'Jerry Orbach', 'Bradley Pierce', 'David Ogden Stiers', 'Richard White', 'Jo Anne Worley']"
